Name,Url
Xiuzhen Chen,http://www.xiuzhenchen.com
Didier Portran,
Lukas A. Widmer,https://scholar.google.com/citations?user=5hqSORoAAAAJ&hl=en
Anil Kumar,
Ana-Maria Farcas,
Marcel M. Stangier,
Mateusz P. Czub,https://www.psi.ch/en/lbr/people/mateusz-czub
Dimitris Liakopoulos,https://www.crbm.cnrs.fr/dimitris-liakopoulos/?lang=en
Joerg Stelling,https://bsse.ethz.ch/people/detail-person.MTI1MjYy.TGlzdC8yNjY5LC0xMDExNjczNjI=.html
Michel O. Steinmetz,https://www.psi.ch/en/lbr/people/michel-steinmetz
Yves Barral,https://biol.ethz.ch/en/the-department/people/person-detail.OTI1NDM=.TGlzdC80NjAsOTIzMDMxMjIy.html
Christine Mayr, https://www.mskcc.org/research/ski/labs/christine-mayr#people-61
Jette Lengefeld,https://staff.ki.se/people/jette-lengefeld
Eric Yen,
Allen Leary,
Jackie Vogel,https://www.mcgill.ca/qls/researchers/jackie-vogel
Jun Xiong,
Mo Xu,http://www.nibs.ac.cn/en/yjsjyimgshow.php?cid=8&id=1507&sid=25
She Chen,http://www.nibs.ac.cn/en/yjsjyimgshow.php?cid=8&sid=25&id=1528
Bing Zhu,http://www.ibp.cas.cn/zhubLab/zhubLabPI/
Hui Wu,
Yingfeng Li,
Hong Li,
Xiaojun Ding,
Sheng Liu,
Shaorong Gao,http://lsi.zju.edu.cn/lsien/2014/1218/c25229a947435/page.htm
Ellen L. Horste,
Mervin M. Fansler,
Ting Cai,
Sibylle Mitschka,
Gang Zhen,
Flora C. Y. Lee,
Jernej Ule,https://www.crick.ac.uk/research/find-a-researcher/jernej-ule
Chengzu Long,https://med.nyu.edu/faculty/chengzu-long
Chang Huang,
